File,Time,Set
DL0_1.mzXML,0,1
DL0_2.mzXML,0,2
DL0_3.mzXML,0,3
DL0_5.mzXML,0,5
DL128_1.mzXML,128,1
DL128_2.mzXML,128,2
DL128_3.mzXML,128,3
DL128_5.mzXML,128,5
DL16_1.mzXML,16,1
DL16_2.mzXML,16,2
DL16_3.mzXML,16,3
DL16_5.mzXML,16,5
DL1_1.mzXML,1,1
DL1_2.mzXML,1,2
DL1_3.mzXML,1,3
DL1_5.mzXML,1,5
DL256_1.mzXML,256,1
DL256_2.mzXML,256,2
DL256_3.mzXML,256,3
DL256_5.mzXML,256,5
DL2_1.mzXML,2,1
DL2_2.mzXML,2,2
DL2_3.mzXML,2,3
DL2_5.mzXML,2,5
DL32_1.mzXML,32,1
DL32_2.mzXML,32,2
DL32_3.mzXML,32,3
DL32_5.mzXML,32,5
DL4_1.mzXML,4,1
DL4_2.mzXML,4,2
DL4_3.mzXML,4,3
DL4_5.mzXML,4,5
DL512_1.mzXML,512,1
DL512_2.mzXML,512,2
DL512_3.mzXML,512,3
DL512_5.mzXML,512,5
DL64_1.mzXML,64,1
DL64_2.mzXML,64,2
DL64_3.mzXML,64,3
DL64_5.mzXML,64,5
DL8_1.mzXML,8,1
DL8_2.mzXML,8,2
DL8_3.mzXML,8,3
DL8_5.mzXML,8,5
