File,Time,Set
T0_1.mzXML,0,1
T0_2.mzXML,0,2
T0_3.mzXML,0,3
T0_4.mzXML,0,4
T0_5.mzXML,0,5
T128_1.mzXML,128,1
T128_2.mzXML,128,2
T128_3.mzXML,128,3
T128_4.mzXML,128,4
T128_5.mzXML,128,5
T16_1.mzXML,16,1
T16_2.mzXML,16,2
T16_3.mzXML,16,3
T16_4.mzXML,16,4
T16_5.mzXML,16,5
T1_1.mzXML,1,1
T1_2.mzXML,1,2
T1_3.mzXML,1,3
T1_4.mzXML,1,4
T1_5.mzXML,1,5
T256_1.mzXML,256,1
T256_2.mzXML,256,2
T256_3.mzXML,256,3
T256_4.mzXML,256,4
T256_5.mzXML,256,5
T2_1.mzXML,2,1
T2_2.mzXML,2,2
T2_3.mzXML,2,3
T2_4.mzXML,2,4
T2_5.mzXML,2,5
T32_1.mzXML,32,1
T32_2.mzXML,32,2
T32_3.mzXML,32,3
T32_4.mzXML,32,4
T32_5.mzXML,32,5
T4_1.mzXML,4,1
T4_2.mzXML,4,2
T4_3.mzXML,4,3
T4_4.mzXML,4,4
T4_5.mzXML,4,5
T512_3.mzXML,512,3
T512_4.mzXML,512,4
T64_1.mzXML,64,1
T64_2.mzXML,64,2
T64_3.mzXML,64,3
T64_4.mzXML,64,4
T64_5.mzXML,64,5
T8_1.mzXML,8,1
T8_2.mzXML,8,2
T8_3.mzXML,8,3
T8_4.mzXML,8,4
T8_5.mzXML,8,5
